<annotation>
	<folder>Hello</folder>
	<filename>Hello-9.jpg</filename>
	<path>C:\Users\hardi\Project-Sign_Detection\Tensorflow\workspace\images\collectedimages\Hello\Hello-9.jpg</path>
	<source>
		<database>Unknown</database>
	</source>
	<size>
		<width>640</width>
		<height>480</height>
		<depth>3</depth>
	</size>
	<segmented>0</segmented>
	<object>
		<name>Hello</name>
		<pose>Unspecified</pose>
		<truncated>0</truncated>
		<difficult>0</difficult>
		<bndbox>
			<xmin>103</xmin>
			<ymin>138</ymin>
			<xmax>356</xmax>
			<ymax>427</ymax>
		</bndbox>
	</object>
</annotation>
