<annotation>
	<folder>ILoveYou</folder>
	<filename>ILoveYou-68.jpg</filename>
	<path>C:\Users\hardi\Project-Sign_Detection\Tensorflow\workspace\images\collectedimages\ILoveYou\ILoveYou-68.jpg</path>
	<source>
		<database>Unknown</database>
	</source>
	<size>
		<width>640</width>
		<height>480</height>
		<depth>3</depth>
	</size>
	<segmented>0</segmented>
	<object>
		<name>ILoveYou</name>
		<pose>Unspecified</pose>
		<truncated>1</truncated>
		<difficult>0</difficult>
		<bndbox>
			<xmin>1</xmin>
			<ymin>220</ymin>
			<xmax>235</xmax>
			<ymax>468</ymax>
		</bndbox>
	</object>
</annotation>
