<annotation>
	<folder>yes</folder>
	<filename>Yes-33.jpg</filename>
	<path>C:\Users\hardi\Project-Sign_Detection\Tensorflow\workspace\images\collectedimages\yes\Yes-33.jpg</path>
	<source>
		<database>Unknown</database>
	</source>
	<size>
		<width>640</width>
		<height>480</height>
		<depth>3</depth>
	</size>
	<segmented>0</segmented>
	<object>
		<name>Yes</name>
		<pose>Unspecified</pose>
		<truncated>0</truncated>
		<difficult>0</difficult>
		<bndbox>
			<xmin>127</xmin>
			<ymin>284</ymin>
			<xmax>331</xmax>
			<ymax>418</ymax>
		</bndbox>
	</object>
</annotation>
