<annotation>
	<folder>train</folder>
	<filename>Hello-0.jpg</filename>
	<path>C:\Users\hardi\Project-Sign_Detection\Tensorflow\workspace\images\train\Hello-0.jpg</path>
	<source>
		<database>Unknown</database>
	</source>
	<size>
		<width>640</width>
		<height>480</height>
		<depth>3</depth>
	</size>
	<segmented>0</segmented>
	<object>
		<name>Hello</name>
		<pose>Unspecified</pose>
		<truncated>0</truncated>
		<difficult>0</difficult>
		<bndbox>
			<xmin>27</xmin>
			<ymin>193</ymin>
			<xmax>261</xmax>
			<ymax>442</ymax>
		</bndbox>
	</object>
</annotation>
