<annotation>
	<folder>ILoveYou</folder>
	<filename>ILoveYou-69.jpg</filename>
	<path>C:\Users\hardi\Project-Sign_Detection\Tensorflow\workspace\images\collectedimages\ILoveYou\ILoveYou-69.jpg</path>
	<source>
		<database>Unknown</database>
	</source>
	<size>
		<width>640</width>
		<height>480</height>
		<depth>3</depth>
	</size>
	<segmented>0</segmented>
	<object>
		<name>ILoveYou</name>
		<pose>Unspecified</pose>
		<truncated>0</truncated>
		<difficult>0</difficult>
		<bndbox>
			<xmin>73</xmin>
			<ymin>87</ymin>
			<xmax>312</xmax>
			<ymax>334</ymax>
		</bndbox>
	</object>
</annotation>
