<annotation>
	<folder>train</folder>
	<filename>Thanks-24.jpg</filename>
	<path>C:\Users\hardi\Project-Sign_Detection\Tensorflow\workspace\images\train\Thanks-24.jpg</path>
	<source>
		<database>Unknown</database>
	</source>
	<size>
		<width>640</width>
		<height>480</height>
		<depth>3</depth>
	</size>
	<segmented>0</segmented>
	<object>
		<name>Thanks</name>
		<pose>Unspecified</pose>
		<truncated>0</truncated>
		<difficult>0</difficult>
		<bndbox>
			<xmin>119</xmin>
			<ymin>341</ymin>
			<xmax>625</xmax>
			<ymax>479</ymax>
		</bndbox>
	</object>
</annotation>
